CCG16CD,CCG16CDH,CCG16NM,STP17CD,STP17NM,FID,Product,LiveDate,PharmacyReferralServiceIdWhitelist,ReferralServiceIdWhitelist
E38000004,07L,NHS Barking and Dagenham CCG,E54000029,East London Health and Care Partnership,74,Pathways,22/01/2018,99999,2000069022|2000068982|2000067871|2000006999|2000007000|2000007895
E38000006,02P,NHS Barnsley CCG,E54000009,South Yorkshire and Bassetlaw,20,Pathways,26/02/2018,99999,2000068777|2000068881|2000067934|1499783470|1356085642|1383744457|1383745649|1386587518|1340268592|1505313682|1338538817|2000000402|2000000404|2000000406|2000000339|2000000408|2000000411|1352818212|2000014905
E38000007,99E,NHS Basildon and Brentwood CCG,E54000026,Mid and South Essex,60,Pathways,18/06/2018,99999,2000068749|2000068857|2000068020|2000006865|2000008049
E38000008,02Q,NHS Bassetlaw CCG,E54000009,South Yorkshire and Bassetlaw,21,Pathways,26/02/2018,99999,2000068790|2000068882|2000067973|1499783470|1356085642|1383744457|1383745649|1386587518|1340268592|1505313682|1338538817|2000000402|2000000404|2000000406|2000000339|2000000408|2000000411|1352818212|2000014906
E38000231,92G,"NHS Bath and North East Somerset, Swindon and Wiltshire CCG",E54000040,"Bath and North East Somerset, Swindon and Wiltshire",91,Pathways,24/10/2018,99999,2000068735|2000068841|2000067955|2000008366|2000008365|2000008364
E38000010,06F,NHS Bedfordshire CCG,E54000024,"Bedfordshire, Luton and Milton Keynes",54,Pathways,18/07/2018,2000066001,2000068743|2000068851|2000068035|2000008918|2000008907|2000008917|2000008914|2000009185|2000015712
E38000221,15A,NHS Berkshire West CCG,E54000044,"Buckinghamshire, Oxfordshire and Berkshire West",102,Pathways,31/07/2018,99999,2000068712|2000068824|2000067923|2000006770|2000006767|2000006768|2000006769|2000006482|2000007773|2000007800|2000007799|2000007772
E38000220,15E,NHS Birmingham and Solihull CCG,E54000017,Birmingham and Solihull,43,Pathways,01/03/2017,99999,2000069036|2000068967|2000068016|2000042879|2000043372|2000043516|2000043518|2000043520|2000043523|2000043784|2000043788|2000043795|2000043800
E38000014,00Q,NHS Blackburn with Darwen CCG,E54000048,Healthier Lancashire and South Cumbria,104,Pathways,24/07/2018,22607,2000068812|2000068899|2000067949|2000006665|2000006666|2000006667|2000004969|2000005242|22607|22797
E38000015,00R,NHS Blackpool CCG,E54000048,Healthier Lancashire and South Cumbria,105,Pathways,24/07/2018,2000006661,2000068813|2000068900|2000068001|2000006670|2000006661|2000006662|2000004964|2000004970
E38000016,00T,NHS Bolton CCG,E54000007,Greater Manchester Health and Social Care Partnership,1,Pathways,23/07/2018,2000015969,2000068814|2000068901|2000067890|1397651034|2000005140|1397651034|1332851476|2000006626
E38000232,36J,NHS Bradford District and Craven CCG,E54000054,West Yorkshire and Harrogate (Health and Care Partnership),135,Pathways,30/11/2017,99999,2000068791|2000068883|2000067875|1325771323|1380177025|1351611408|2000003638|2000003445|1336549578|1336549495|1327660471|1327676061|23694|1358518554|1354723053|2000003636|2000003447|2000003446|2000004744|2000004745|1303902897|1497536006|1504709368|1339685543|1336549539|1338458092|1491294033|2000000330|2000000402|2000000404|2000000340|2000000326|2000000406|2000000325|2000000329|2000000339|2000000343|2000000328|2000000327|2000000350|2000000336|2000000408|2000000346|2000000411|2000000348|2000000352|1329495581|1338457985|1340019884|1340019693|1340019782|1479806497|2000003632|2000003631|2000003633|2000003634|2000014904|2000014907
E38000020,07P,NHS Brent CCG,E54000027,North West London Health and Care Partnership,65,Pathways,31/07/2018,99999,2000069017|2000068977|2000068019|2000007896|2000008487|2000015767
E38000021,09D,NHS Brighton and Hove CCG,E54000053,Sussex and East Surrey Health and Care Partnership,127,Pathways,31/07/2018,99999,2000068756|2000068868|2000068022|2000013792|2000013793|2000013794|2000013795|2000013796|2000016709|2000016703|2000016711|2000016707|2000016705|2000016293|2000016252|2000016247|2000016287
E38000222,15C,"NHS Bristol, North Somerset and South Gloucestershire CCG",E54000039,"Bristol, North Somerset and South Gloucestershire",90,Pathways,31/07/2018,99999,2000068729|2000068837|2000068007|2000011693|2000011714|2000011713|2000015942|2000015952|2000015954|2000015956|2000015958|2000015944
E38000223,14Y,NHS Buckinghamshire CCG,E54000044,"Buckinghamshire, Oxfordshire and Berkshire West",103,Pathways,31/07/2018,99999,2000068713|2000068825|2000068011|2000007773|2000007800|2000007799|2000007772
E38000024,00V,NHS Bury CCG,E54000007,Greater Manchester Health and Social Care Partnership,2,Pathways,23/07/2018,2000016207,2000068816|2000068902|2000068004|1332850272|1330943794|1332851476|2000006654|2000006630
E38000025,02T,NHS Calderdale CCG,E54000054,West Yorkshire and Harrogate (Health and Care Partnership),130,Pathways,30/11/2017,99999,2000068792|2000068884|2000067977|1325771323|1380177025|1351611408|2000003638|2000003445|1336549578|1336549495|1327660471|1327676061|23694|1358518554|1354723053|2000003636|2000003447|2000003446|2000004744|2000004745|1303902897|1497536006|1504709368|1339685543|1336549539|1338458092|1491294033|2000000330|2000000402|2000000404|2000000340|2000000326|2000000406|2000000325|2000000329|2000000339|2000000343|2000000328|2000000327|2000000350|2000000336|2000000408|2000000346|2000000411|2000000348|2000000352|1329495581|1338457985|1340019884|1340019693|1340019782|1479806497|2000003632|2000003631|2000003633|2000003634|2000014908
E38000026,06H,NHS Cambridgeshire and Peterborough CCG,E54000021,Cambridgeshire and Peterborough,49,Pathways,02/07/2018,99999,2000068744|2000068852|2000068030|1340282058|1357576154|1357576331|1357576258|1346336724|2000005584|2000005813|2000005814|2000005815|2000005627|2000005629|2000005623|2000005630|1396107683|1396107550|1395814213|1462373183|1424855573|1424855433|1384182934|1380749000
E38000028,04Y,NHS Cannock Chase CCG,E54000010,Staffordshire and Stoke on Trent,25,Pathways,26/06/2018,99999,2000069006|2000068958|2000067910|2000005543|2000005562|2000005563|2000005564|2000009057|2000009121|2000009122|2000009124
E38000030,99F,NHS Castle Point and Rochford CCG,E54000026,Mid and South Essex,61,Pathways,18/06/2018,99999,2000068750|2000068858|2000068000|2000006865|2000008049
E38000031,09A,NHS Central London (Westminster) CCG,E54000027,North West London Health and Care Partnership,66,Pathways,30/08/2018,99999,2000069032|2000069002|2000068031|2000003408|1311856170|1414739827|2000007893|2000007895|2000007896|2000007897|2000007898
E38000233,27D,NHS Cheshire CCG,E54000008,Cheshire and Merseyside,19,Pathways,24/07/2018,2000015225|2000015250|2000012440,2000068817|2000068903|2000068039|1363355784|2000005618|2000013648|2000005617|1353600702|2000005616|116630|2000005615|137712|2000005619|137713|2000005328|2000008483|2000008585|2000008586
E38000034,00X,NHS Chorley and South Ribble CCG,E54000048,Healthier Lancashire and South Cumbria,106,Pathways,24/07/2018,2000065994,2000068960|2000068904|2000067903|2000006674|2000006673|2000004988|2000005198|1479459261
E38000035,07T,NHS City and Hackney CCG,E54000029,East London Health and Care Partnership,75,Pathways,01/08/2018,99999,2000069023|2000068988|2000068038|2000006999|2000007000|2000007895
E38000234,84H,NHS County Durham CCG,E54000050,Cumbria and North East,118,Pathways,24/07/2018,1317642820|1357116835|1357117405|1357117518|1357117828|1357118135|1436877248,2000005636|2000005637|1496936156|2000014895|2000014714|2000068766|2000068874|2000067904|2000005634|2000005635|2000000471|2000000467|2000013667|2000013669|2000014893|2000014689|1464362309|1467721684
E38000038,05A,NHS Coventry and Rugby CCG,E54000018,Coventry and Warwickshire,44,Pathways,01/03/2017,99999,2000069040|2000068968|2000067906|2000043362|2000043369|2000043497|2000043498|2000043501|2000043502|2000043620|2000043625|2000043721|2000043725
E38000229,15M,NHS Derby and Derbyshire CCG,E54000012,Joined Up Care Derbyshire,33,Pathways,24/07/2018,99999,2000068985|2000068942|2000067908|2000005498|2000006594|2000006592|2000006593|2000006334|2000006329|2000006335|2000006261|2000006265|2000006684|2000006682|2000006811|2000006812|2000006813|2000006800|2000006685|2000009397|2000009399|2000067592|2000067593|2000070386|2000070387|2000070398
E38000230,15N,NHS Devon CCG,E54000037,Devon,88,Pathways,31/07/2018,2000066072,2000068731|2000068838|2000067965|2000005671|2000006633|2000006634|2000006632|2000006631|2000008180
E38000044,02X,NHS Doncaster CCG,E54000009,South Yorkshire and Bassetlaw,22,Pathways,26/02/2018,99999,2000068793|2000068885|2000067912|1499783470|1356085642|1383744457|1383745649|1386587518|1340268592|1505313682|1338538817|2000000402|2000000404|2000000406|2000000339|2000000408|2000000411|1352818212|2000014909
E38000045,11J,NHS Dorset CCG,E54000041,Dorset,92,Pathways,23/07/2018,99999,2000068734|2000068840|2000067889|2000016026|2000016027|2000016028|2000016029|2000016030|2000016031|2000016032|2000016033|2000016034|2000016035|2000016036|2000016037|2000016038|2000016039|2000016040|2000016041|2000016042|2000016043|2000016044|2000016045|2000016046|2000016047
E38000046,05C,NHS Dudley CCG,E54000016,The Black Country and West Birmingham,39,Pathways,01/03/2017,99999,2000069041|2000068969|2000067891|2000042669|2000043461|2000043468|2000043768|2000043771
E38000048,07W,NHS Ealing CCG,E54000027,North West London Health and Care Partnership,67,Pathways,31/07/2018,99999,2000069018|2000068978|2000067881|2000007896|2000008488|2000015615
E38000049,06K,NHS East and North Hertfordshire CCG,E54000025,Hertfordshire and West Essex,57,Pathways,13/07/2018,2000012821|2000015813,2000068745|2000068853|2000067892|2000005829|2000005414|2000005832|2000001552|2000005835|2000006980|2000011053
E38000224,15D,NHS East Berkshire CCG,E54000034,Frimley Health and Care ICS,86,Pathways,31/07/2018,99999,2000068715|2000068826|2000067981|2000006770|2000006767|2000006768|2000006769|2000006482|2000007773|2000007800|2000007799|2000007772|2000039536
E38000050,01A,NHS East Lancashire CCG,E54000048,Healthier Lancashire and South Cumbria,107,Pathways,24/07/2018,22797,2000068820|2000068905|2000067982|2000006665|2000006666|2000006667|2000004968|2000005241|22607|22797
E38000051,03W,NHS East Leicestershire and Rutland CCG,E54000015,"Leicester, Leicestershire and Rutland",36,Pathways,24/07/2018,99999,2000068986|2000068943|2000067960|2000005498|2000006594|2000006592|2000006593|2000006334|2000006329|2000006335|2000006261|2000006265|2000006684|2000006682|2000006811|2000006812|2000006813|2000006800|2000006685|2000009788
E38000052,02Y,NHS East Riding of Yorkshire CCG,E54000051,"Humber, Coast and Vale",120,Pathways,30/11/2017,99999,2000068794|2000068886|2000068018|1325771323|1380177025|1351611408|2000003638|2000003445|1336549578|1336549495|1327660471|1327676061|23694|1358518554|1354723053|2000003636|2000003447|2000003446|2000004744|2000004745|1303902897|1497536006|1504709368|1339685543|1336549539|1338458092|1491294033|2000000330|2000000402|2000000404|2000000340|2000000326|2000000406|2000000325|2000000329|2000000339|2000000343|2000000328|2000000327|2000000350|2000000336|2000000408|2000000346|2000000411|2000000348|2000000352|1329495581|1338457985|1340019884|1340019693|1340019782|1479806497|2000003632|2000003631|2000003633|2000003634|2000014910
E38000053,05D,NHS East Staffordshire CCG,E54000010,Staffordshire and Stoke on Trent,26,Pathways,26/06/2018,99999,2000069007|2000068959|2000068018|2000005543|2000005562|2000005563|2000005564|2000009057|2000009121|2000009122|2000009124
E38000235,97R,NHS East Sussex CCG,E54000053,Sussex and East Surrey Health and Care Partnership,128,Pathways,31/07/2018,99999,2000068757|2000068869|2000067971|2000013792|2000013793|2000013794|2000013795|2000013796|2000016709|2000016703|2000016711|2000016707|2000016705|2000016293|2000016252|2000016247|2000016287|2000068757|2000068871|2000067971|2000013792|2000013793|2000013794|2000013795|2000013796|2000016709|2000016703|2000016711|2000016707|2000016705|2000016293|2000016252|2000016247|2000016287|2000068757|2000068871|2000067971|2000013792|2000013793|2000013794|2000013795|2000013796|2000016709|2000016703|2000016711|2000016707|2000016705|2000016293|2000016252|2000016247|2000016287
E38000059,10K,NHS Fareham and Gosport CCG,E54000042,Hampshire and the Isle of Wight,93,Pathways,31/07/2018,99999,2000068718|2000068827|2000068012|2000010402|2000010387|2000013115|2000017392|2000017395|2000017397|2000017401|2000017398|2000017396|2000017393|2000070463|2000070690|2000070717
E38000226,02M,NHS Fylde and Wyre CCG,E54000048,Healthier Lancashire and South Cumbria,109,Pathways,24/07/2018,2000006661,2000068821|2000068906|2000068040|2000006664|2000006661|2000006662|2000004965|2000005240
E38000062,11M,NHS Gloucestershire CCG,E54000043,Gloucestershire,100,Pathways,18/07/2018,99999,2000068730|2000068843|2000067985|2000011715|2000015548|2000015549|2000015550|2000015551|2000015552|2000015553
E38000064,03A,NHS Greater Huddersfield CCG,E54000054,West Yorkshire and Harrogate (Health and Care Partnership),131,Pathways,30/11/2017,99999,2000068795|2000068887|2000067882|1325771323|1380177025|1351611408|2000003638|2000003445|1336549578|1336549495|1327660471|1327676061|23694|1358518554|1354723053|2000003636|2000003447|2000003446|2000004744|2000004745|1303902897|1497536006|1504709368|1339685543|1336549539|1338458092|1491294033|2000000330|2000000402|2000000404|2000000340|2000000326|2000000406|2000000325|2000000329|2000000339|2000000343|2000000328|2000000327|2000000350|2000000336|2000000408|2000000346|2000000411|2000000348|2000000352|1329495581|1338457985|1340019884|1340019693|1340019782|1479806497|2000003632|2000003631|2000003633|2000003634|2000014911
E38000227,01E,NHS Greater Preston CCG,E54000048,Healthier Lancashire and South Cumbria,110,Pathways,24/07/2018,2000066002,2000068913|2000068907|2000067883|2000006674|2000006673|2000004989|2000005213|1479461865
E38000068,01F,NHS Halton CCG,E54000008,Cheshire and Merseyside,11,Pathways,07/02/2018,2000004502,2000068914|2000068908|2000067884|115217|153404|1318592102|1358779488|1380537177|1380537579|1380550830|1381936411|1479121363|2000001929|2000002213|2000002215|2000002216|2000002217|2000002218|1427707367|1427707875|1427707914|1427708028|1427708146|1427708875
E38000070,08C,NHS Hammersmith and Fulham CCG,E54000027,North West London Health and Care Partnership,68,Pathways,30/08/2018,99999,2000069035|2000069003|2000067894|2000003408|1311856170|1414739827|2000007893|2000007895|2000007896|2000007897|2000007898
E38000074,08E,NHS Harrow CCG,E54000027,North West London Health and Care Partnership,69,Pathways,31/07/2018,99999,2000069019|2000068979|2000068015|2000007896|2000008489|2000015770
E38000077,08F,NHS Havering CCG,E54000029,East London Health and Care Partnership,76,Pathways,22/01/2018,99999,2000069024|2000068989|2000067876|2000006999|2000007000|2000007895
E38000236,18C,NHS Herefordshire and Worcestershire CCG,E54000019,Herefordshire and Worcestershire,47,Pathways,01/03/2017,99999,2000069042|2000068970|2000067885|2000043363|2000043534|2000043542|2000043879|2000043885|2000069042|2000068970|2000067885|2000043364|2000043579|2000043586|2000043936|2000043941|2000069042|2000068970|2000067885|2000043376|2000043547|2000043550|2000043741|2000043750|2000069042|2000068970|2000067885|2000043360|2000043567|2000043573|2000043926|2000043930
E38000079,06N,NHS Herts Valleys CCG,E54000025,Hertfordshire and West Essex,58,Pathways,13/07/2018,2000012821|2000015813,2000068746|2000068854|2000067886|2000005829|2000005414|2000005832|2000001552|2000005835|2000006980|2000011053
E38000080,01D,"NHS Heywood, Middleton and Rochdale CCG",E54000007,Greater Manchester Health and Social Care Partnership,3,Pathways,23/07/2018,1345195736,2000068915|2000068910|2000067995|1345195736|1338465156|2000006658|2000006663
E38000082,08G,NHS Hillingdon CCG,E54000027,North West London Health and Care Partnership,70,Pathways,31/07/2018,99999,2000069020|2000068980|2000068028|2000007896|2000008490|2000015769
E38000084,07Y,NHS Hounslow CCG,E54000027,North West London Health and Care Partnership,71,Pathways,31/07/2018,99999,2000069021|2000068981|2000068032|2000007896|2000008491|2000015768
E38000085,03F,NHS Hull CCG,E54000051,"Humber, Coast and Vale",121,Pathways,30/11/2017,99999,2000068796|2000068888|2000068006|1325771323|1380177025|1351611408|2000003638|2000003445|1336549578|1336549495|1327660471|1327676061|23694|1358518554|1354723053|2000003636|2000003447|2000003446|2000004744|2000004745|1303902897|1497536006|1504709368|1339685543|1336549539|1338458092|1491294033|2000000330|2000000402|2000000404|2000000340|2000000326|2000000406|2000000325|2000000329|2000000339|2000000343|2000000328|2000000327|2000000350|2000000336|2000000408|2000000346|2000000411|2000000348|2000000352|1329495581|1338457985|1340019884|1340019693|1340019782|1479806497|2000003632|2000003631|2000003633|2000003634|2000014913
E38000086,06L,NHS Ipswich and East Suffolk CCG,E54000023,Suffolk and North East Essex,51,Pathways,01/03/2017,99999,2000068739|2000068846|2000068002|2000007341|2000013632|2000013744|2000013637|2000015018
E38000087,10L,NHS Isle of Wight CCG,E54000042,Hampshire and the Isle of Wight,94,Pathways,31/07/2018,99999,2000068762|2000068867|2000067996|2000010427|2000010419
E38000237,91Q,NHS Kent and Medway CCG,E54000032,Kent and Medway,83,Pathways,31/07/2018,99999,2000068759|2000068870|2000067966|2000001154|2000012125|1406828915|2000012126|1412703890|2000013676|2000013677|2000016709|2000016703|2000016711|2000016707|2000016705|2000016293|2000016252|2000016247|2000016287|2000013673|2000013514|2000012127|145081|1412701037|1412701114|2000013672|2000013642|1406827704|2000012128|2000013681|2000013679|2000013680|2000013678
E38000089,11N,NHS Kernow CCG,E54000036,Cornwall and the Isles of Scilly Health and Social Care Partnership,87,Pathways,16/07/2018,2000066028,2000068736|2000068842|2000067986|2000005674|1999999993|2000065932|2000065933
E38000091,01J,NHS Knowsley CCG,E54000008,Cheshire and Merseyside,12,Pathways,07/02/2018,2000004502,2000068918|2000068911|2000067993|115217|153404|1318592102|1358779488|1380537177|1380537579|1380550830|1381936411|1479121363|2000001929|2000002213|2000002215|2000002216|2000002217|2000002218|1427707367|1427707875|1427707914|1427708028|1427708146|1427708875
E38000225,15F,NHS Leeds CCG,E54000054,West Yorkshire and Harrogate (Health and Care Partnership),134,Pathways,07/03/2017,99999,2000068797|2000068889|2000067931|1325771323|1380177025|1351611408|2000003638|2000003445|1336549578|1336549495|1327660471|1327676061|23694|1358518554|1354723053|2000003636|2000003447|2000003446|2000004744|2000004745|1303902897|1497536006|1504709368|1339685543|1336549539|1338458092|1491294033|2000000330|2000000402|2000000404|2000000340|2000000326|2000000406|2000000325|2000000329|2000000339|2000000343|2000000328|2000000327|2000000350|2000000336|2000000408|2000000346|2000000411|2000000348|2000000352|1329495581|1338457985|1340019884|1340019693|1340019782|1479806497|2000003632|2000003631|2000003633|2000003634|2000014914
E38000097,04C,NHS Leicester City CCG,E54000015,"Leicester, Leicestershire and Rutland",37,Pathways,24/07/2018,99999,2000068987|2000068944|2000067899|2000005498|2000006594|2000006592|2000006593|2000006334|2000006329|2000006335|2000006261|2000006265|2000006684|2000006682|2000006811|2000006812|2000006813|2000006800|2000006685|2000009934
E38000238,71E,NHS Lincolnshire CCG,E54000013,Lincolnshire,34,Pathways,24/07/2018,99999,2000068991|2000068950|2000067988|2000006025|2000006034|2000006035|2000006454|2000006455|2000006456|2000005887
E38000101,99A,NHS Liverpool CCG,E54000008,Cheshire and Merseyside,13,Pathways,07/02/2018,2000004502,2000068921|2000068912|2000067987|115217|153404|1318592102|1358779488|1380537177|1380537579|1380550830|1381936411|1479121363|2000001929|2000002213|2000002215|2000002216|2000002217|2000002218|1427707367|1427707875|1427707914|1427708028|1427708146|1427708875
E38000102,06P,NHS Luton CCG,E54000024,"Bedfordshire, Luton and Milton Keynes",55,Pathways,18/07/2018,2000066009,2000068747|2000068855|2000067984|2000008879|2000008746|2000008873|2000008877|2000015590|2000015780
E38000217,14L,NHS Manchester CCG,E54000007,Greater Manchester Health and Social Care Partnership,10,Pathways,23/07/2018,2000015968,2000068923|2000068916|2000067979|2000004938|2000005756|1340817795|1366884602|1342627105
E38000106,06Q,NHS Mid Essex CCG,E54000026,Mid and South Essex,62,Pathways,18/06/2018,99999,2000068751|2000068859|2000067974|2000006865|2000008049
E38000107,04F,NHS Milton Keynes CCG,E54000024,"Bedfordshire, Luton and Milton Keynes",56,Pathways,24/07/2018,99999,2000068742|2000068850|2000067975|2000005498|2000006594|2000006592|2000006593|2000006334|2000006329|2000006335|2000006261|2000006265|2000006684|2000006682|2000006811|2000006812|2000006813|2000006800|2000006685|2000009177|2000008955|2000014258|2000040604
E38000228,01K,NHS Morecambe Bay CCG,E54000048,Healthier Lancashire and South Cumbria,111,Pathways,24/07/2018,2000006655|2000006656,2000068929|2000068917|2000067972|2000006669|2000006655|2000006656|1357117518|1357116835|2000006357|2000004966|2000005243|1357117518|1357116835
E38000212,13T,NHS Newcastle Gateshead CCG,E54000050,Cumbria and North East,116,Pathways,25/07/2018,99999,2000068767|2000068875|2000067932|2000000471|2000000467|2000013667|2000013669|2000008960|2000014689|1464362309|1467721684
E38000113,08M,NHS Newham CCG,E54000029,East London Health and Care Partnership,77,Pathways,01/08/2018,99999,2000069026|2000068996|2000068034|2000006999|2000007000|2000007895
E38000239,26A,NHS Norfolk and Waveney CCG,E54000022,Norfolk and Waveney Health and Care Partnership,50,Pathways,12/07/2018,99999,2000068752|2000068860|2000067970|2000007275|2000007286|2000007274|2000007279|2000007273|2000007284
E38000240,93C,NHS North Central London CCG,E54000028,North London Partners in Health and Care,73,Pathways,30/08/2018,99999,2000069037|2000069009|2000067957|2000006554|2000007183|2000007184|2000007187|2000007893|2000007895|2000007896|2000007897|2000007898
E38000215,01H,NHS North Cumbria CCG,E54000050,Cumbria and North East,117,Pathways,24/07/2018,1317642820|1357116835|1357117405|1357117518|1357117828|1357118135|1436877248,2000068931|2000068919|2000067969|1357118135|1357116835|1357117405|1357117518|1317642820|1357117828|1436877248|2000004967|2000005244|1471961372|1471961502|1471952861|1471961617|1471961768|1471961872|1471961990|2000006357|2000013494|2000013670|2000013671
E38000117,06T,NHS North East Essex CCG,E54000023,Suffolk and North East Essex,52,Pathways,31/07/2018,99999,2000068740|2000068847|2000067964|2000009226|2000014051|2000014052|2000014053
E38000118,99M,NHS North East Hampshire and Farnham CCG,E54000034,Frimley Health and Care ICS,84,Pathways,31/07/2018,99999,2000068719|2000068828|2000067914|2000010395|2000010378
E38000119,03H,NHS North East Lincolnshire CCG,E54000051,"Humber, Coast and Vale",122,Pathways,30/11/2017,99999,2000068798|2000068890|2000068027|1325771323|1380177025|1351611408|2000003638|2000003445|1336549578|1336549495|1327660471|1327676061|23694|1358518554|1354723053|2000003636|2000003447|2000003446|2000004744|2000004745|1303902897|1497536006|1504709368|1339685543|1336549539|1338458092|1491294033|2000000330|2000000402|2000000404|2000000340|2000000326|2000000406|2000000325|2000000329|2000000339|2000000343|2000000328|2000000327|2000000350|2000000336|2000000408|2000000346|2000000411|2000000348|2000000352|1329495581|1338457985|1340019884|1340019693|1340019782|1479806497|2000003632|2000003631|2000003633|2000003634|2000014915
E38000120,10J,NHS North Hampshire CCG,E54000042,Hampshire and the Isle of Wight,95,Pathways,31/07/2018,99999,2000068720|2000068829|2000068026|2000010393|2000010376|2000013113|2000013112|2000017392|2000017395|2000017397|2000017401|2000017398|2000017396|2000017393
E38000121,03J,NHS North Kirklees CCG,E54000054,West Yorkshire and Harrogate (Health and Care Partnership),132,Pathways,30/11/2017,99999,2000068799|2000068891|2000068021|1325771323|1380177025|1351611408|2000003638|2000003445|1336549578|1336549495|1327660471|1327676061|23694|1358518554|1354723053|2000003636|2000003447|2000003446|2000004744|2000004745|1303902897|1497536006|1504709368|1339685543|1336549539|1338458092|1491294033|2000000330|2000000402|2000000404|2000000340|2000000326|2000000406|2000000325|2000000329|2000000339|2000000343|2000000328|2000000327|2000000350|2000000336|2000000408|2000000346|2000000411|2000000348|2000000352|1329495581|1338457985|1340019884|1340019693|1340019782|1479806497|2000003632|2000003631|2000003633|2000003634|2000014916
E38000122,03K,NHS North Lincolnshire CCG,E54000051,"Humber, Coast and Vale",123,Pathways,30/11/2017,99999,2000068800|2000068892|2000068017|1325771323|1380177025|1351611408|2000003638|2000003445|1336549578|1336549495|1327660471|1327676061|23694|1358518554|1354723053|2000003636|2000003447|2000003446|2000004744|2000004745|1303902897|1497536006|1504709368|1339685543|1336549539|1338458092|1491294033|2000000330|2000000402|2000000404|2000000340|2000000326|2000000406|2000000325|2000000329|2000000339|2000000343|2000000328|2000000327|2000000350|2000000336|2000000408|2000000346|2000000411|2000000348|2000000352|1329495581|1338457985|1340019884|1340019693|1340019782|1479806497|2000003632|2000003631|2000003633|2000003634|2000014917
E38000126,05G,NHS North Staffordshire CCG,E54000010,Staffordshire and Stoke on Trent,27,Pathways,26/06/2018,99999,2000069008|2000068961|2000068014|2000005543|2000005562|2000005563|2000005564|2000009057|2000009121|2000009122|2000009124
E38000127,99C,NHS North Tyneside CCG,E54000050,Cumbria and North East,112,Pathways,25/07/2018,99999,2000068769|2000068876|2000068033|2000000471|2000000467|2000008959|2000013667|2000013669|2000014689|1464362309|1467721684
E38000241,42D,NHS North Yorkshire CCG,E54000051,"Humber, Coast and Vale",125,Pathways,30/11/2017,99999,2000068801|2000068893|2000067999|1499783470|1356085642|1383744457|1383745649|1386587518|1340268592|1505313682|1338538817|2000000402|2000000404|2000000406|2000000339|2000000408|2000000411|1352818212|2000012275|2000014980|1338457529|1338457722|1325771323|1380177025|1351611408|2000003638|2000003445|1336549578|1336549495|1327660471|1327676061|23694|1358518554|1354723053|2000003636|2000003447|2000003446|2000004744|2000004745|1303902897|1497536006|1504709368|1339685543|1336549539|1338458092|1491294033|2000000330|2000000340|2000000326|2000000325|2000000329|2000000343|2000000328|2000000327|2000000350|2000000336|2000000346|2000000348|2000000352|1329495581|1338457985|1340019884|1340019693|1340019782|1479806497|2000003632|2000003631|2000003633|2000003634|2000014919|2000014912|2000015392
E38000242,78H,NHS Northamptonshire CCG,E54000020,Northamptonshire,48,Pathways,24/07/2018,99999,2000068992|2000068951|2000067989|2000005498|2000006594|2000006592|2000006593|2000006334|2000006329|2000006335|2000006261|2000006265|2000006684|2000006682|2000006811|2000006812|2000006813|2000006800|2000006685|2000008963|2000012643
E38000130,00L,NHS Northumberland CCG,E54000050,Cumbria and North East,113,Pathways,25/07/2018,99999,2000068771|2000068877|2000067967|2000000471|2000000467|2000008959|2000013667|2000013669|2000014689|1464362309|1467721684
E38000243,52R,NHS Nottingham and Nottinghamshire CCG,E54000014,Nottingham and Nottinghamshire Health and Care,35,Pathways,24/07/2018,99999,2000068993|2000068953|2000067976|2000005498|2000006594|2000006592|2000006593|2000006334|2000006329|2000006335|2000006261|2000006265|2000006684|2000006682|2000006811|2000006812|2000006813|2000006800|2000006685|2000009071|2000009073|2000009067
E38000135,00Y,NHS Oldham CCG,E54000007,Greater Manchester Health and Social Care Partnership,4,Pathways,23/07/2018,99999,2000068933|2000068920|2000067952|23140|1327416165|2000006635|2000006672
E38000136,10Q,NHS Oxfordshire CCG,E54000044,"Buckinghamshire, Oxfordshire and Berkshire West",101,Pathways,31/07/2018,99999,2000068721|2000068830|2000067880|2000006770|2000006767|2000006768|2000006769|2000006482|2000007773|2000007800|2000007799|2000007772|2000013281|2000013280|2000013279|2000013278
E38000137,10R,NHS Portsmouth CCG,E54000042,Hampshire and the Isle of Wight,96,Pathways,31/07/2018,99999,2000068722|2000068831|2000067939|2000010403|2000010390|2000010388|2000013115|2000017392|2000017395|2000017397|2000017401|2000017398|2000017396|2000017393|2000070463|2000070690|2000070716
E38000138,08N,NHS Redbridge CCG,E54000029,East London Health and Care Partnership,78,Pathways,22/01/2018,99999,2000069027|2000068997|2000067927|2000006999|2000007000|2000007895
E38000141,03L,NHS Rotherham CCG,E54000009,South Yorkshire and Bassetlaw,23,Pathways,26/02/2018,99999,2000068806|2000068894|2000067968|1499783470|1356085642|1383744457|1383745649|1386587518|1340268592|1505313682|1338538817|2000000402|2000000404|2000000406|2000000339|2000000408|2000000411|1352818212|2000014918
E38000143,01G,NHS Salford CCG,E54000007,Greater Manchester Health and Social Care Partnership,5,Pathways,23/07/2018,2000016208,2000068935|2000068922|2000067898|1484733133|1341315047|155298|2000006651|2000006677
E38000144,05L,NHS Sandwell and West Birmingham CCG,E54000016,The Black Country and West Birmingham,40,Pathways,01/03/2017,99999,2000069043|2000068971|2000067897|2000042673|2000043495|2000043496|2000043947|2000043494
E38000146,03N,NHS Sheffield CCG,E54000009,South Yorkshire and Bassetlaw,24,Pathways,26/02/2018,99999,2000068808|2000068895|2000067980|1499783470|1356085642|1383744457|1383745649|1386587518|1340268592|1505313682|1338538817|2000000402|2000000404|2000000406|2000000339|2000000408|2000000411|1352818212|2000014920
E38000147,05N,NHS Shropshire CCG,E54000011,Shropshire and Telford and Wrekin,31,Pathways,01/03/2017,99999,2000069014|2000068962|2000067895|2000043367|2000043371|2000043556|2000043561|2000043592|2000043597|2000043891|2000043895|2000043914|2000043919
E38000150,11X,NHS Somerset CCG,E54000038,Somerset,89,Pathways,18/07/2018,2000066607,2000068733|2000068839|2000067900|2000005949|2000013534
E38000244,72Q,NHS South East London CCG,E54000030,Our Healthier South East London,81,Pathways,17/12/2017,99999,2000069028|2000068998|2000067992|1456933388|2000007897|1403536392|1354112563|1442223256|1317643273
E38000153,05Q,NHS South East Staffordshire and Seisdon Peninsula CCG,E54000010,Staffordshire and Stoke on Trent,28,Pathways,26/06/2018,99999,2000069015|2000068963|2000068008|2000005543|2000005562|2000005563|2000005564|2000009057|2000009121|2000009122|2000009124
E38000154,10V,NHS South Eastern Hampshire CCG,E54000042,Hampshire and the Isle of Wight,97,Pathways,31/07/2018,99999,2000068725|2000068833|2000067917|2000010400|2000010383|2000013114|2000013112|2000013115|2000017392|2000017395|2000017397|2000017401|2000017398|2000017396|2000017393|2000070463|2000070690|2000070714
E38000161,01T,NHS South Sefton CCG,E54000008,Cheshire and Merseyside,14,Pathways,07/02/2018,1380550830,2000068945|2000068925|2000067909|115217|153404|1318592102|1358779488|1380537177|1380537579|1380550830|1381936411|1479121363|2000001929|2000002213|2000002215|2000002216|2000002217|2000002218|1427707367|1427707875|1427707914|1427708028|1427708146|1427708875
E38000163,00N,NHS South Tyneside CCG,E54000050,Cumbria and North East,114,Pathways,25/07/2018,99999,2000068772|2000068878|2000067911|1492614239|2000000471|2000000467|2000013667|2000013669|2000014689|1464362309|1467721684
E38000164,05R,NHS South Warwickshire CCG,E54000018,Coventry and Warwickshire,45,Pathways,01/03/2017,99999,2000069045|2000068972|2000067907|2000043365|2000043366|2000043370|2000043373|2000043375|2000043503|2000043504|2000043505|2000043506|2000043507|2000043509|2000043510|2000043511|2000043512|2000043514|2000043730|2000043734
E38000245,36L,NHS South West London CCG,E54000031,South West London Health and Care Partnership,82,Pathways,14/06/2018,99999,2000069039|2000069011|2000068035|2000005313|1475055548|2000007898|2000067994|2000005325|1352231326
E38000167,10X,NHS Southampton CCG,E54000042,Hampshire and the Isle of Wight,98,Pathways,31/07/2018,99999,2000068724|2000068832|2000067913|2000010404|2000010384|2000013112|2000013116|2000017392|2000017395|2000017397|2000017401|2000017398|2000017396|2000017393
E38000168,99G,NHS Southend CCG,E54000026,Mid and South Essex,63,Pathways,18/06/2018,99999,2000068753|2000068861|2000067915|2000006865|2000008049
E38000170,01V,NHS Southport and Formby CCG,E54000008,Cheshire and Merseyside,15,Pathways,07/02/2018,1380550830,2000068937|2000068924|2000067978|115217|153404|1318592102|1358779488|1380537177|1380537579|1380550830|1381936411|1479121363|2000001929|2000002213|2000002215|2000002216|2000002217|2000002218|1427707367|1427707875|1427707914|1427708028|1427708146|1427708875
E38000172,01X,NHS St Helens CCG,E54000008,Cheshire and Merseyside,16,Pathways,07/02/2018,2000015858,2000068946|2000068926|2000067874|115217|2000015858|1318592102|1358779488|1380537177|1380537579|1380550830|1381936411|1479121363|2000001929|2000002213|2000002215|2000002216|2000002217|2000002218|1427707367|1427707875|1427707914|1427708028|1427708146|1427708875
E38000173,05V,NHS Stafford and Surrounds CCG,E54000010,Staffordshire and Stoke on Trent,29,Pathways,26/06/2018,99999,2000069016|2000068964|2000068005|2000005543|2000005562|2000005563|2000005564|2000009057|2000009121|2000009122|2000009124
E38000174,01W,NHS Stockport CCG,E54000007,Greater Manchester Health and Social Care Partnership,6,Pathways,23/07/2018,2000016327,2000068947|2000068927|2000068029|1332340816|1366884602|1332341645|1365174574|2000006657|2000006691
E38000175,05W,NHS Stoke on Trent CCG,E54000010,Staffordshire and Stoke on Trent,30,Pathways,26/06/2018,99999,2000069030|2000068965|2000067919|2000005543|2000005562|2000005563|2000005564|2000009057|2000009121|2000009122|2000009124
E38000176,00P,NHS Sunderland CCG,E54000050,Cumbria and North East,115,Pathways,25/07/2018,99999,2000068774|2000068879|2000068023|2000000471|2000000467|2000008960|2000013667|2000013669|2000014690|1467721684|2000014689|1464362309
E38000246,92A,NHS Surrey Heartlands CCG,E54000052,Surrey Heartlands Health and Care Partnership,126,Pathways,31/07/2018,99999,2000068761|2000068866|2000067922|2000011208|2000013893|2000013898|2000014066|2000014092|2000011211|2000011212|2000013895|2000013900|2000014068|2000014094|2000013896|2000013901|2000014069|2000014097|2000011213|2000011214|2000013897|2000013902|2000014070|2000014098|2000011210|2000013894|2000013899|2000014067|2000014093
E38000178,10C,NHS Surrey Heath CCG,E54000034,Frimley Health and Care ICS,85,Pathways,31/07/2018,99999,2000068726|2000068834|2000067942|2000010476|2000010479
E38000182,01Y,NHS Tameside and Glossop CCG,E54000007,Greater Manchester Health and Social Care Partnership,7,Pathways,23/07/2018,2000016326,2000068948|2000068928|2000067896|1317969390|1331813455|1331813078|2000006646|2000006692
E38000247,16C,NHS Tees Valley CCG,E54000050,Cumbria and North East,119,Pathways,25/07/2018,99999,2000068775|2000068880|2000067930|2000005638|2000000471|2000000467|2000013667|2000013669|2000014895|2000014689|1464362309|1467721684|1490605439|2000004852|1496936024|2000008960
E38000183,05X,NHS Telford and Wrekin CCG,E54000011,Shropshire and Telford and Wrekin,32,Pathways,01/03/2017,99999,2000069033|2000068966|2000067905|2000043374|2000043525|2000043528|2000043900|2000043908
E38000185,07G,NHS Thurrock CCG,E54000026,Mid and South Essex,64,Pathways,18/06/2018,99999,2000068754|2000068862|2000067997|2000006865|2000008049
E38000186,08V,NHS Tower Hamlets CCG,E54000029,East London Health and Care Partnership,79,Pathways,01/08/2018,99999,2000069029|2000068999|2000067901|2000006999|2000007000|2000007895
E38000187,02A,NHS Trafford CCG,E54000007,Greater Manchester Health and Social Care Partnership,8,Pathways,23/07/2018,2000016078,2000068949|2000068930|2000067879|141593|1367591136|1393846879|2000006659|2000006694
E38000188,03Q,NHS Vale of York CCG,E54000051,"Humber, Coast and Vale",124,Pathways,30/11/2017,99999,2000068809|2000068896|2000067878|1325771323|1380177025|1351611408|2000003638|2000003445|1336549578|1336549495|1327660471|1327676061|23694|1358518554|1354723053|2000003636|2000003447|2000003446|2000004744|2000004745|1303902897|1497536006|1504709368|1339685543|1336549539|1338458092|1491294033|2000000330|2000000402|2000000404|2000000340|2000000326|2000000406|2000000325|2000000329|2000000339|2000000343|2000000328|2000000327|2000000350|2000000336|2000000408|2000000346|2000000411|2000000348|2000000352|1329495581|1338457985|1340019884|1340019693|1340019782|1479806497|2000003632|2000003631|2000003633|2000003634|2000014921
E38000190,03R,NHS Wakefield CCG,E54000054,West Yorkshire and Harrogate (Health and Care Partnership),133,Pathways,30/11/2017,99999,2000068810|2000068897|2000067929|1325771323|1380177025|1351611408|2000003638|2000003445|1336549578|1336549495|1327660471|1327676061|23694|1358518554|1354723053|2000003636|2000003447|2000003446|2000004744|2000004745|1303902897|1497536006|1504709368|1339685543|1336549539|1338458092|1491294033|2000000330|2000000402|2000000404|2000000340|2000000326|2000000406|2000000325|2000000329|2000000339|2000000343|2000000328|2000000327|2000000350|2000000336|2000000408|2000000346|2000000411|2000000348|2000000352|1329495581|1338457985|1340019884|1340019693|1340019782|1479806497|2000003632|2000003631|2000003633|2000003634|2000014922
E38000191,05Y,NHS Walsall CCG,E54000016,The Black Country and West Birmingham,41,Pathways,01/03/2017,99999,2000069046|2000068973|2000067926|2000042661|2000043452|2000043456|2000043772|2000043778
E38000192,08W,NHS Waltham Forest CCG,E54000029,East London Health and Care Partnership,80,Pathways,22/01/2018,99999,2000069031|2000069000|2000067916|2000006999|2000007000|2000007895
E38000194,02E,NHS Warrington CCG,E54000008,Cheshire and Merseyside,17,Pathways,24/07/2018,2000010013,2000068952|2000068932|2000067887|1363355784|2000005618|2000013648|2000005617|1353600702|2000005616|116630|2000005615|137712|2000005619|137713|2000005328
E38000195,05H,NHS Warwickshire North CCG,E54000018,Coventry and Warwickshire,46,Pathways,01/03/2017,99999,2000069047|2000068974|2000067990|2000043368|2000043499|2000043500|2000043633|2000043644
E38000197,07H,NHS West Essex CCG,E54000025,Hertfordshire and West Essex,59,Pathways,31/07/2018,99999,2000068748|2000068856|2000068009|2000014711|2000014710|2000014708
E38000198,11A,NHS West Hampshire CCG,E54000042,Hampshire and the Isle of Wight,99,Pathways,31/07/2018,99999,2000068727|2000068835|2000068037|2000010398|2000010379|2000013112|2000013116|2000017392|2000017395|2000017397|2000017401|2000017398|2000017396|2000017393
E38000200,02G,NHS West Lancashire CCG,E54000048,Healthier Lancashire and South Cumbria,108,Pathways,24/07/2018,1491389403,2000068954|2000068936|2000068010|2000006675|2000005230|2000004990|1491389403
E38000201,04V,NHS West Leicestershire CCG,E54000015,"Leicester, Leicestershire and Rutland",38,Pathways,24/07/2018,99999,2000068994|2000068957|2000067888|2000005498|2000006594|2000006592|2000006593|2000006334|2000006329|2000006335|2000006261|2000006265|2000006684|2000006682|2000006811|2000006812|2000006813|2000006800|2000006685|2000009933
E38000202,08Y,NHS West London CCG,E54000027,North West London Health and Care Partnership,72,Pathways,30/08/2018,99999,2000069038|2000069010|2000067998|2000003408|1311856170|1414739827|2000007893|2000007895|2000007896|2000007897|2000007898
E38000204,07K,NHS West Suffolk CCG,E54000023,Suffolk and North East Essex,53,Pathways,01/03/2017,99999,2000068741|2000068849|2000067925|2000007340|2000013633|2000013743|2000013634|2000015019
E38000248,70F,NHS West Sussex CCG,E54000053,Sussex and East Surrey Health and Care Partnership,129,Pathways,31/07/2018,99999,2000068760|2000068871|2000067924|2000013792|2000013793|2000013794|2000013795|2000013796|2000016709|2000016703|2000016711|2000016707|2000016705|2000016293|2000016252|2000016247|2000016287
E38000205,02H,NHS Wigan Borough CCG,E54000007,Greater Manchester Health and Social Care Partnership,9,Pathways,23/07/2018,2000016077,2000068955|2000068938|2000067920|2000005138|23046|2000006693
E38000208,12F,NHS Wirral CCG,E54000008,Cheshire and Merseyside,18,Pathways,24/07/2018,2000009485,2000068956|2000068939|2000067918|1363355784|2000005618|2000013648|2000005617|1353600702|2000005616|116630|2000005615|137712|2000005619|137713|2000005328
E38000210,06A,NHS Wolverhampton CCG,E54000016,The Black Country and West Birmingham,42,Pathways,01/03/2017,99999,2000069048|2000068975|2000067918|2000042644|2000043438|2000043446|2000043755|2000043761
